Date,ID,Name,Rating,Tag,Commit,Note
3/1/2024,CF1936A,,,,778e7002,
3/1/2024,CF1936B,,,,778e7002,
3/1/2024,CF1936C,,,,778e7002,
3/3/2024,CF1938B,,,,b96062bd,
3/4/2024,agc064_d,,,,9f52b89b,
3/4/2024,CF1773H,,,,6ea1999f,
3/5/2024,CF1739F,,,,b84c8984,
3/5/2024,CF1923F,,,,fe9c9215,
3/5/2024,CF1705F,,,,27e6982f,
3/5/2024,CF1684G,,,,6e0b8a8f,
3/6/2024,CF1715F,,,,df00de97,
3/7/2024,CF1720E,,,,ae0f0dc0,
3/8/2024,CF1672F2,,,,61b0aedf,
3/12/2024,CF1661F,,,,6ddd210b,
3/12/2024,CF1863G,,,,fd6e6b00,
3/13/2024,CF1658F,,,,7ccff1d3,
3/13/2024,abc322_g,,,,93fb294c,
3/14/2024,CF1852D,,,,2653bf48,
3/14/2024,CF1889D,,,,818c8615,
3/15/2024,CF1835D,,,,28f63e88,
3/15/2024,CF1845F,,,,8d732655,
3/16/2024,CF1948A,,,,4613ec8f,
3/16/2024,CF1948B,,,,4613ec8f,
3/16/2024,CF1948C,,,,4613ec8f,
3/16/2024,CF1948D,,,,4613ec8f,
3/16/2024,CF1948E,,,,4613ec8f,
3/16/2024,CF1948F,,,,4613ec8f,
3/17/2024,CF1943A,,,,b5bc24ae,
3/17/2024,CF1943B,,,,b5bc24ae,
3/17/2024,CF1943C,,,,b5bc24ae,
3/17/2024,CF1943D1,,,,b5bc24ae,
3/17/2024,CF1943D2,,,,b5bc24ae,
3/18/2024,CF1943E1,,,,71eb424a,
3/18/2024,CF1943E2,,,,8165a129,
3/22/2024,CF1841F,,,,3c376798,
3/24/2024,CF1946A,,,,997c93b6,
3/24/2024,CF1946B,,,,997c93b6,
3/24/2024,CF1946C,,,,997c93b6,
3/24/2024,CF1946D,,,,997c93b6,
3/24/2024,CF1946E,,,,997c93b6,
3/24/2024,CF1946F,,,,997c93b6,
3/24/2024,CF1461F,,,,f0cd9bba,
3/26/2024,CF1830D,,,,2c4f608c,
